CODREG;REG;CODDEP;CODCOM;COM;CODFRAC_CAN;FRAC_CAN;PMUN;PCAP;PTOT
84;Auvergne-Rhône-Alpes;01;053;Bourg-en-Bresse;05;Bourg-en-Bresse-1;28798;1106;29904
84;Auvergne-Rhône-Alpes;01;053;Bourg-en-Bresse;06;Bourg-en-Bresse-2;12313;636;12949
32;Hauts-de-France;02;408;Laon;09;Laon-1;8813;173;8986
32;Hauts-de-France;02;408;Laon;10;Laon-2;15491;493;15984
32;Hauts-de-France;02;691;Saint-Quentin;13;Saint-Quentin-1;19246;441;19687
32;Hauts-de-France;02;691;Saint-Quentin;14;Saint-Quentin-2;18178;587;18765
32;Hauts-de-France;02;691;Saint-Quentin;15;Saint-Quentin-3;16146;253;16399
32;Hauts-de-France;02;722;Soissons;16;Soissons-1;11066;173;11239
32;Hauts-de-France;02;722;Soissons;17;Soissons-2;17646;478;18124
84;Auvergne-Rhône-Alpes;03;185;Montluçon;09;Montluçon-1;3655;49;3704
84;Auvergne-Rhône-Alpes;03;185;Montluçon;10;Montluçon-2;11480;499;11979
84;Auvergne-Rhône-Alpes;03;185;Montluçon;11;Montluçon-3;9778;252;10030
84;Auvergne-Rhône-Alpes;03;185;Montluçon;12;Montluçon-4;9448;270;9718
84;Auvergne-Rhône-Alpes;03;190;Moulins;13;Moulins-1;10556;362;10918
84;Auvergne-Rhône-Alpes;03;190;Moulins;14;Moulins-2;8690;180;8870
84;Auvergne-Rhône-Alpes;03;310;Vichy;17;Vichy-1;12417;140;12557
84;Auvergne-Rhône-Alpes;03;310;Vichy;18;Vichy-2;12563;182;12745
93;Provence-Alpes-Côte d'Azur;04;070;Digne-les-Bains;04;Digne-les-Bains-1;10254;564;10818
93;Provence-Alpes-Côte d'Azur;04;070;Digne-les-Bains;05;Digne-les-Bains-2;6228;358;6586
93;Provence-Alpes-Côte d'Azur;04;112;Manosque;07;Manosque-1;8130;116;8246
93;Provence-Alpes-Côte d'Azur;04;112;Manosque;08;Manosque-2;6826;202;7028
93;Provence-Alpes-Côte d'Azur;04;112;Manosque;09;Manosque-3;7572;351;7923
93;Provence-Alpes-Côte d'Azur;05;023;Briançon;02;Briançon-1;1772;51;1823
93;Provence-Alpes-Côte d'Azur;05;023;Briançon;03;Briançon-2;9567;269;9836
93;Provence-Alpes-Côte d'Azur;05;061;Gap;06;Gap-1;10426;310;10736
93;Provence-Alpes-Côte d'Azur;05;061;Gap;07;Gap-2;10395;578;10973
93;Provence-Alpes-Côte d'Azur;05;061;Gap;08;Gap-3;10238;286;10524
93;Provence-Alpes-Côte d'Azur;05;061;Gap;09;Gap-4;9572;371;9943
93;Provence-Alpes-Côte d'Azur;06;004;Antibes;01;Antibes-1;11148;121;11269
93;Provence-Alpes-Côte d'Azur;06;004;Antibes;02;Antibes-2;30268;284;30552
93;Provence-Alpes-Côte d'Azur;06;004;Antibes;03;Antibes-3;26432;421;26853
93;Provence-Alpes-Côte d'Azur;06;027;Cagnes-sur-Mer;05;Cagnes-sur-Mer-1;43514;364;43878
93;Provence-Alpes-Côte d'Azur;06;027;Cagnes-sur-Mer;06;Cagnes-sur-Mer-2;8664;127;8791
93;Provence-Alpes-Côte d'Azur;06;029;Cannes;07;Cannes-1;33839;293;34132
93;Provence-Alpes-Côte d'Azur;06;030;Le Cannet;07;Cannes-1;14245;128;14373
93;Provence-Alpes-Côte d'Azur;06;029;Cannes;08;Cannes-2;40706;509;41215
93;Provence-Alpes-Côte d'Azur;06;030;Le Cannet;09;Le Cannet;27642;231;27873
93;Provence-Alpes-Côte d'Azur;06;069;Grasse;11;Grasse-1;19177;311;19488
93;Provence-Alpes-Côte d'Azur;06;069;Grasse;12;Grasse-2;29693;611;30304
93;Provence-Alpes-Côte d'Azur;06;088;Nice;15;Nice-1;42190;406;42596
93;Provence-Alpes-Côte d'Azur;06;088;Nice;16;Nice-2;48257;360;48617
93;Provence-Alpes-Côte d'Azur;06;088;Nice;17;Nice-3;24367;231;24598
93;Provence-Alpes-Côte d'Azur;06;088;Nice;18;Nice-4;42187;406;42593
93;Provence-Alpes-Côte d'Azur;06;088;Nice;19;Nice-5;46232;301;46533
93;Provence-Alpes-Côte d'Azur;06;088;Nice;20;Nice-6;41425;599;42024
93;Provence-Alpes-Côte d'Azur;06;088;Nice;21;Nice-7;25019;132;25151
93;Provence-Alpes-Côte d'Azur;06;088;Nice;22;Nice-8;39192;143;39335
93;Provence-Alpes-Côte d'Azur;06;088;Nice;23;Nice-9;33800;281;34081
93;Provence-Alpes-Côte d'Azur;06;004;Antibes;25;Valbonne;5590;259;5849
84;Auvergne-Rhône-Alpes;07;010;Annonay;01;Annonay-1;9736;402;10138
84;Auvergne-Rhône-Alpes;07;010;Annonay;02;Annonay-2;6561;221;6782
84;Auvergne-Rhône-Alpes;07;019;Aubenas;03;Aubenas-1;7066;411;7477
84;Auvergne-Rhône-Alpes;07;019;Aubenas;04;Aubenas-2;5413;365;5778
44;Grand Est;08;105;Charleville-Mézières;04;Charleville-Mézières-1;10180;178;10358
44;Grand Est;08;105;Charleville-Mézières;05;Charleville-Mézières-2;8887;182;9069
44;Grand Est;08;105;Charleville-Mézières;06;Charleville-Mézières-3;14051;550;14601
44;Grand Est;08;105;Charleville-Mézières;07;Charleville-Mézières-4;13318;180;13498
44;Grand Est;08;409;Sedan;14;Sedan-1;5425;137;5562
44;Grand Est;08;409;Sedan;15;Sedan-2;4767;130;4897
44;Grand Est;08;409;Sedan;16;Sedan-3;5900;70;5970
76;Occitanie;09;225;Pamiers;07;Pamiers-1;5836;153;5989
76;Occitanie;09;225;Pamiers;08;Pamiers-2;9823;325;10148
44;Grand Est;10;387;Troyes;12;Troyes-1;20863;303;21166
44;Grand Est;10;387;Troyes;13;Troyes-2;7018;62;7080
44;Grand Est;10;387;Troyes;14;Troyes-3;8899;374;9273
44;Grand Est;10;387;Troyes;15;Troyes-4;6493;25;6518
44;Grand Est;10;387;Troyes;16;Troyes-5;18684;366;19050
76;Occitanie;11;069;Carcassonne;02;Carcassonne-1;15093;487;15580
76;Occitanie;11;069;Carcassonne;03;Carcassonne-2;14438;487;14925
76;Occitanie;11;069;Carcassonne;04;Carcassonne-3;17294;317;17611
76;Occitanie;11;262;Narbonne;11;Narbonne-1;21064;318;21382
76;Occitanie;11;262;Narbonne;12;Narbonne-2;15943;459;16402
76;Occitanie;11;262;Narbonne;13;Narbonne-3;18509;407;18916
76;Occitanie;12;145;Millau;11;Millau-1;11432;453;11885
76;Occitanie;12;145;Millau;12;Millau-2;10547;227;10774
76;Occitanie;12;202;Rodez;16;Rodez-1;12117;1003;13120
76;Occitanie;12;202;Rodez;17;Rodez-2;10229;888;11117
76;Occitanie;12;202;Rodez;18;Rodez-Onet;2129;44;2173
93;Provence-Alpes-Côte d'Azur;13;001;Aix-en-Provence;01;Aix-en-Provence-1;73278;2062;75340
93;Provence-Alpes-Côte d'Azur;13;001;Aix-en-Provence;02;Aix-en-Provence-2;71855;1141;72996
93;Provence-Alpes-Côte d'Azur;13;205;Marseille 5e Arrondissement;12;Marseille-1;5852;35;5887
93;Provence-Alpes-Côte d'Azur;13;204;Marseille 4e Arrondissement;12;Marseille-1;24631;189;24820
93;Provence-Alpes-Côte d'Azur;13;203;Marseille 3e Arrondissement;12;Marseille-1;5784;12;5796
93;Provence-Alpes-Côte d'Azur;13;203;Marseille 3e Arrondissement;13;Marseille-2;46008;182;46190
93;Provence-Alpes-Côte d'Azur;13;215;Marseille 15e Arrondissement;14;Marseille-3;46921;170;47091
93;Provence-Alpes-Côte d'Azur;13;214;Marseille 14e Arrondissement;15;Marseille-4;30067;114;30181
93;Provence-Alpes-Côte d'Azur;13;215;Marseille 15e Arrondissement;15;Marseille-4;30322;129;30451
93;Provence-Alpes-Côte d'Azur;13;214;Marseille 14e Arrondissement;16;Marseille-5;31635;138;31773
93;Provence-Alpes-Côte d'Azur;13;204;Marseille 4e Arrondissement;16;Marseille-5;16889;57;16946
93;Provence-Alpes-Côte d'Azur;13;213;Marseille 13e Arrondissement;16;Marseille-5;19118;244;19362
93;Provence-Alpes-Côte d'Azur;13;213;Marseille 13e Arrondissement;17;Marseille-6;72240;473;72713
93;Provence-Alpes-Côte d'Azur;13;204;Marseille 4e Arrondissement;18;Marseille-7;7776;57;7833
93;Provence-Alpes-Côte d'Azur;13;212;Marseille 12e Arrondissement;18;Marseille-7;58248;543;58791
93;Provence-Alpes-Côte d'Azur;13;211;Marseille 11e Arrondissement;18;Marseille-7;15423;202;15625
93;Provence-Alpes-Côte d'Azur;13;211;Marseille 11e Arrondissement;19;Marseille-8;41855;241;42096
93;Provence-Alpes-Côte d'Azur;13;212;Marseille 12e Arrondissement;19;Marseille-8;3158;9;3167
93;Provence-Alpes-Côte d'Azur;13;210;Marseille 10e Arrondissement;19;Marseille-8;25700;219;25919
93;Provence-Alpes-Côte d'Azur;13;209;Marseille 9e Arrondissement;20;Marseille-9;47718;436;48154
93;Provence-Alpes-Côte d'Azur;13;208;Marseille 8e Arrondissement;20;Marseille-9;27003;592;27595
93;Provence-Alpes-Côte d'Azur;13;209;Marseille 9e Arrondissement;21;Marseille-10;28915;218;29133
93;Provence-Alpes-Côte d'Azur;13;208;Marseille 8e Arrondissement;21;Marseille-10;28986;429;29415
93;Provence-Alpes-Côte d'Azur;13;210;Marseille 10e Arrondissement;21;Marseille-10;20174;71;20245
93;Provence-Alpes-Côte d'Azur;13;206;Marseille 6e Arrondissement;22;Marseille-11;24252;233;24485
93;Provence-Alpes-Côte d'Azur;13;210;Marseille 10e Arrondissement;22;Marseille-11;12617;50;12667
93;Provence-Alpes-Côte d'Azur;13;205;Marseille 5e Arrondissement;22;Marseille-11;40300;244;40544
93;Provence-Alpes-Côte d'Azur;13;208;Marseille 8e Arrondissement;23;Marseille-12;25447;233;25680
93;Provence-Alpes-Côte d'Azur;13;206;Marseille 6e Arrondissement;23;Marseille-12;17883;173;18056
93;Provence-Alpes-Côte d'Azur;13;103;Salon-de-Provence;26;Salon-de-Provence-1;19343;241;19584
93;Provence-Alpes-Côte d'Azur;13;103;Salon-de-Provence;27;Salon-de-Provence-2;26043;343;26386
28;Normandie;14;027;Les Monts d'Aunay;01;Aunay-sur-Odon;4268;60;4328
28;Normandie;14;118;Caen;05;Caen-1;17901;318;18219
28;Normandie;14;118;Caen;06;Caen-2;20210;213;20423
28;Normandie;14;118;Caen;07;Caen-3;24836;980;25816
28;Normandie;14;118;Caen;08;Caen-4;26982;431;27413
28;Normandie;14;118;Caen;09;Caen-5;16301;232;16533
28;Normandie;14;027;Les Monts d'Aunay;10;Condé-sur-Noireau;327;7;334
84;Auvergne-Rhône-Alpes;15;014;Aurillac;02;Aurillac-1;5766;146;5912
84;Auvergne-Rhône-Alpes;15;014;Aurillac;03;Aurillac-2;9499;840;10339
84;Auvergne-Rhône-Alpes;15;014;Aurillac;04;Aurillac-3;10328;297;10625
84;Auvergne-Rhône-Alpes;15;187;Saint-Flour;11;Saint-Flour-1;1775;113;1888
84;Auvergne-Rhône-Alpes;15;187;Saint-Flour;12;Saint-Flour-2;4683;429;5112
75;Nouvelle-Aquitaine;16;015;Angoulême;01;Angoulême-1;15184;423;15607
75;Nouvelle-Aquitaine;16;015;Angoulême;02;Angoulême-2;13259;541;13800
75;Nouvelle-Aquitaine;16;015;Angoulême;03;Angoulême-3;13160;723;13883
75;Nouvelle-Aquitaine;16;192;Terres-de-Haute-Charente;06;Charente-Bonnieure;3169;57;3226
75;Nouvelle-Aquitaine;16;192;Terres-de-Haute-Charente;10;Charente-Vienne;731;50;781
75;Nouvelle-Aquitaine;16;102;Cognac;11;Cognac-1;8568;207;8775
75;Nouvelle-Aquitaine;16;102;Cognac;12;Cognac-2;10102;227;10329
75;Nouvelle-Aquitaine;17;300;La Rochelle;14;La Rochelle-1;26574;401;26975
75;Nouvelle-Aquitaine;17;300;La Rochelle;15;La Rochelle-2;25444;1029;26473
75;Nouvelle-Aquitaine;17;300;La Rochelle;16;La Rochelle-3;25187;698;25885
24;Centre-Val de Loire;18;033;Bourges;03;Bourges-1;17838;544;18382
24;Centre-Val de Loire;18;033;Bourges;04;Bourges-2;15206;191;15397
24;Centre-Val de Loire;18;033;Bourges;05;Bourges-3;14442;562;15004
24;Centre-Val de Loire;18;033;Bourges;06;Bourges-4;17055;768;17823
24;Centre-Val de Loire;18;279;Vierzon;18;Vierzon-1;15102;321;15423
24;Centre-Val de Loire;18;279;Vierzon;19;Vierzon-2;10362;201;10563
75;Nouvelle-Aquitaine;19;031;Brive-la-Gaillarde;03;Brive-la-Gaillarde-1;12140;386;12526
75;Nouvelle-Aquitaine;19;031;Brive-la-Gaillarde;04;Brive-la-Gaillarde-2;12704;401;13105
75;Nouvelle-Aquitaine;19;031;Brive-la-Gaillarde;05;Brive-la-Gaillarde-3;8290;117;8407
75;Nouvelle-Aquitaine;19;031;Brive-la-Gaillarde;06;Brive-la-Gaillarde-4;13196;381;13577
27;Bourgogne-Franche-Comté;21;231;Dijon;08;Dijon-1;25169;595;25764
27;Bourgogne-Franche-Comté;21;231;Dijon;09;Dijon-2;28860;501;29361
27;Bourgogne-Franche-Comté;21;231;Dijon;10;Dijon-3;24363;602;24965
27;Bourgogne-Franche-Comté;21;231;Dijon;11;Dijon-4;28411;604;29015
27;Bourgogne-Franche-Comté;21;231;Dijon;12;Dijon-5;26399;631;27030
27;Bourgogne-Franche-Comté;21;231;Dijon;13;Dijon-6;24800;445;25245
53;Bretagne;22;093;Lamballe-Armor;06;Lamballe;14462;430;14892
53;Bretagne;22;093;Lamballe-Armor;17;Pléneuf-Val-André;2226;40;2266
53;Bretagne;22;278;Saint-Brieuc;24;Saint-Brieuc-1;21661;724;22385
53;Bretagne;22;278;Saint-Brieuc;25;Saint-Brieuc-2;21944;770;22714
75;Nouvelle-Aquitaine;23;096;Guéret;12;Guéret-1;5270;105;5375
75;Nouvelle-Aquitaine;23;096;Guéret;13;Guéret-2;7464;532;7996
75;Nouvelle-Aquitaine;24;037;Bergerac;01;Bergerac-1;18276;514;18790
75;Nouvelle-Aquitaine;24;037;Bergerac;02;Bergerac-2;8417;201;8618
75;Nouvelle-Aquitaine;24;026;Bassillac et Auberoche;05;Le Haut-Périgord Noir;1801;25;1826
75;Nouvelle-Aquitaine;24;026;Bassillac et Auberoche;07;Isle-Manoire;2609;57;2666
75;Nouvelle-Aquitaine;24;312;Sanilhac;07;Isle-Manoire;4334;99;4433
75;Nouvelle-Aquitaine;24;312;Sanilhac;12;Périgord Central;270;2;272
75;Nouvelle-Aquitaine;24;322;Périgueux;14;Périgueux-1;15516;851;16367
75;Nouvelle-Aquitaine;24;322;Périgueux;15;Périgueux-2;14380;729;15109
27;Bourgogne-Franche-Comté;25;056;Besançon;04;Besançon-1;21060;422;21482
27;Bourgogne-Franche-Comté;25;056;Besançon;05;Besançon-2;17704;505;18209
27;Bourgogne-Franche-Comté;25;056;Besançon;06;Besançon-3;22361;796;23157
27;Bourgogne-Franche-Comté;25;056;Besançon;07;Besançon-4;24749;478;25227
27;Bourgogne-Franche-Comté;25;056;Besançon;08;Besançon-5;10869;348;11217
27;Bourgogne-Franche-Comté;25;056;Besançon;09;Besançon-6;21169;683;21852
84;Auvergne-Rhône-Alpes;26;281;Romans-sur-Isère;01;Bourg-de-Péage;16982;450;17432
84;Auvergne-Rhône-Alpes;26;198;Montélimar;08;Montélimar-1;21513;763;22276
84;Auvergne-Rhône-Alpes;26;198;Montélimar;09;Montélimar-2;18305;471;18776
84;Auvergne-Rhône-Alpes;26;281;Romans-sur-Isère;11;Romans-sur-Isère;16116;230;16346
84;Auvergne-Rhône-Alpes;26;362;Valence;15;Valence-1;5307;67;5374
84;Auvergne-Rhône-Alpes;26;362;Valence;16;Valence-2;16954;440;17394
84;Auvergne-Rhône-Alpes;26;362;Valence;17;Valence-3;14434;376;14810
84;Auvergne-Rhône-Alpes;26;362;Valence;18;Valence-4;28054;517;28571
28;Normandie;27;198;Mesnils-sur-Iton;06;Breteuil;869;16;885
28;Normandie;27;679;Verneuil d'Avre et d'Iton;06;Breteuil;1213;22;1235
28;Normandie;27;229;Évreux;09;Évreux-1;16855;713;17568
28;Normandie;27;229;Évreux;10;Évreux-2;18292;318;18610
28;Normandie;27;229;Évreux;11;Évreux-3;11202;194;11396
28;Normandie;27;198;Mesnils-sur-Iton;22;Verneuil d'Avre et d'Iton;5257;238;5495
28;Normandie;27;679;Verneuil d'Avre et d'Iton;22;Verneuil d'Avre et d'Iton;6401;342;6743
24;Centre-Val de Loire;28;085;Chartres;04;Chartres-1;16889;445;17334
24;Centre-Val de Loire;28;085;Chartres;05;Chartres-2;9865;244;10109
24;Centre-Val de Loire;28;085;Chartres;06;Chartres-3;11780;475;12255
24;Centre-Val de Loire;28;134;Dreux;08;Dreux-1;10726;135;10861
24;Centre-Val de Loire;28;134;Dreux;09;Dreux-2;19920;384;20304
53;Bretagne;29;019;Brest;01;Brest-1;31487;409;31896
53;Bretagne;29;019;Brest;02;Brest-2;36175;506;36681
53;Bretagne;29;019;Brest;03;Brest-3;18736;475;19211
53;Bretagne;29;019;Brest;04;Brest-4;17387;265;17652
53;Bretagne;29;019;Brest;05;Brest-5;36141;974;37115
53;Bretagne;29;232;Quimper;23;Quimper-1;23850;956;24806
53;Bretagne;29;232;Quimper;24;Quimper-2;39433;1522;40955
94;Corse;2A;004;Ajaccio;01;Ajaccio-1;16510;170;16680
94;Corse;2A;004;Ajaccio;02;Ajaccio-2;14241;183;14424
94;Corse;2A;004;Ajaccio;03;Ajaccio-3;17304;175;17479
94;Corse;2A;004;Ajaccio;04;Ajaccio-4;13780;198;13978
94;Corse;2A;004;Ajaccio;05;Ajaccio-5;9526;141;9667
94;Corse;2A;247;Porto-Vecchio;06;Bavella;5976;87;6063
94;Corse;2A;247;Porto-Vecchio;07;Grand Sud;5156;93;5249
94;Corse;2B;033;Bastia;01;Bastia-1;9929;156;10085
94;Corse;2B;033;Bastia;02;Bastia-2;13416;210;13626
94;Corse;2B;033;Bastia;03;Bastia-3;15290;72;15362
94;Corse;2B;033;Bastia;04;Bastia-4;9868;257;10125
76;Occitanie;30;007;Alès;02;Alès-1;12557;283;12840
76;Occitanie;30;007;Alès;03;Alès-2;13246;147;13393
76;Occitanie;30;007;Alès;04;Alès-3;16034;185;16219
76;Occitanie;30;189;Nîmes;10;Nîmes-1;36585;724;37309
76;Occitanie;30;189;Nîmes;11;Nîmes-2;37262;327;37589
76;Occitanie;30;189;Nîmes;12;Nîmes-3;36788;554;37342
76;Occitanie;30;189;Nîmes;13;Nîmes-4;37419;614;38033
76;Occitanie;30;189;Nîmes;19;Saint-Gilles;507;6;513
76;Occitanie;31;555;Toulouse;15;Toulouse-1;58525;697;59222
76;Occitanie;31;555;Toulouse;16;Toulouse-2;57673;472;58145
76;Occitanie;31;555;Toulouse;17;Toulouse-3;52393;655;53048
76;Occitanie;31;555;Toulouse;18;Toulouse-4;52872;538;53410
76;Occitanie;31;555;Toulouse;19;Toulouse-5;46019;304;46323
76;Occitanie;31;555;Toulouse;20;Toulouse-6;58222;387;58609
76;Occitanie;31;555;Toulouse;21;Toulouse-7;9452;72;9524
76;Occitanie;31;555;Toulouse;22;Toulouse-8;66085;657;66742
76;Occitanie;31;555;Toulouse;23;Toulouse-9;33103;486;33589
76;Occitanie;31;555;Toulouse;24;Toulouse-10;23858;459;24317
76;Occitanie;31;555;Toulouse;25;Toulouse-11;35263;404;35667
76;Occitanie;32;013;Auch;04;Auch-1;6803;560;7363
76;Occitanie;32;013;Auch;05;Auch-2;5804;341;6145
76;Occitanie;32;013;Auch;06;Auch-3;9566;202;9768
75;Nouvelle-Aquitaine;33;063;Bordeaux;02;Bordeaux-1;46284;464;46748
75;Nouvelle-Aquitaine;33;063;Bordeaux;03;Bordeaux-2;50058;970;51028
75;Nouvelle-Aquitaine;33;063;Bordeaux;04;Bordeaux-3;48342;806;49148
75;Nouvelle-Aquitaine;33;063;Bordeaux;05;Bordeaux-4;63268;553;63821
75;Nouvelle-Aquitaine;33;063;Bordeaux;06;Bordeaux-5;53006;506;53512
75;Nouvelle-Aquitaine;33;281;Mérignac;18;Mérignac-1;38841;390;39231
75;Nouvelle-Aquitaine;33;281;Mérignac;19;Mérignac-2;33356;333;33689
75;Nouvelle-Aquitaine;33;318;Pessac;23;Pessac-1;32501;449;32950
75;Nouvelle-Aquitaine;33;318;Pessac;24;Pessac-2;32744;313;33057
75;Nouvelle-Aquitaine;33;039;Bègles;31;Talence;6755;54;6809
75;Nouvelle-Aquitaine;33;039;Bègles;33;Villenave-d'Ornon;23887;295;24182
76;Occitanie;34;032;Béziers;02;Béziers-1;19459;248;19707
76;Occitanie;34;032;Béziers;03;Béziers-2;38192;486;38678
76;Occitanie;34;032;Béziers;04;Béziers-3;20657;508;21165
76;Occitanie;34;172;Montpellier;15;Montpellier-1;45175;359;45534
76;Occitanie;34;172;Montpellier;16;Montpellier-2;55147;480;55627
76;Occitanie;34;172;Montpellier;17;Montpellier-3;53213;1016;54229
76;Occitanie;34;172;Montpellier;18;Montpellier-4;64077;427;64504
76;Occitanie;34;172;Montpellier;19;Montpellier-5;52716;598;53314
76;Occitanie;34;172;Montpellier;20;Montpellier - Castelnau-le-Lez;25214;511;25725
53;Bretagne;35;115;Fougères;08;Fougères-1;6200;300;6500
53;Bretagne;35;115;Fougères;09;Fougères-2;14395;353;14748
53;Bretagne;35;238;Rennes;18;Rennes-1;40588;768;41356
53;Bretagne;35;238;Rennes;19;Rennes-2;42446;1149;43595
53;Bretagne;35;238;Rennes;20;Rennes-3;33405;321;33726
53;Bretagne;35;238;Rennes;21;Rennes-4;36348;607;36955
53;Bretagne;35;238;Rennes;22;Rennes-5;32811;759;33570
53;Bretagne;35;238;Rennes;23;Rennes-6;34890;563;35453
53;Bretagne;35;288;Saint-Malo;25;Saint-Malo-1;30554;987;31541
53;Bretagne;35;288;Saint-Malo;26;Saint-Malo-2;16249;351;16600
24;Centre-Val de Loire;36;202;Saint-Maur;04;Buzançais;3228;67;3295
24;Centre-Val de Loire;36;044;Châteauroux;05;Châteauroux-1;9137;323;9460
24;Centre-Val de Loire;36;044;Châteauroux;06;Châteauroux-2;16276;669;16945
24;Centre-Val de Loire;36;044;Châteauroux;07;Châteauroux-3;17709;548;18257
24;Centre-Val de Loire;36;202;Saint-Maur;10;Levroux;457;10;467
24;Centre-Val de Loire;37;261;Tours;15;Tours-1;41158;940;42098
24;Centre-Val de Loire;37;261;Tours;16;Tours-2;32527;475;33002
24;Centre-Val de Loire;37;261;Tours;17;Tours-3;30986;786;31772
24;Centre-Val de Loire;37;261;Tours;18;Tours-4;32416;555;32971
84;Auvergne-Rhône-Alpes;38;169;Fontaine;06;Fontaine-Seyssinet;11565;72;11637
84;Auvergne-Rhône-Alpes;38;169;Fontaine;07;Fontaine-Vercors;11646;162;11808
84;Auvergne-Rhône-Alpes;38;185;Grenoble;09;Grenoble-1;45895;833;46728
84;Auvergne-Rhône-Alpes;38;185;Grenoble;10;Grenoble-2;20003;216;20219
84;Auvergne-Rhône-Alpes;38;185;Grenoble;11;Grenoble-3;48541;752;49293
84;Auvergne-Rhône-Alpes;38;185;Grenoble;12;Grenoble-4;43759;442;44201
84;Auvergne-Rhône-Alpes;38;544;Vienne;27;Vienne-1;16337;151;16488
84;Auvergne-Rhône-Alpes;38;544;Vienne;28;Vienne-2;13656;190;13846
27;Bourgogne-Franche-Comté;39;198;Dole;05;Dole-1;13278;464;13742
27;Bourgogne-Franche-Comté;39;198;Dole;06;Dole-2;10433;429;10862
27;Bourgogne-Franche-Comté;39;300;Lons-le-Saunier;07;Lons-le-Saunier-1;7533;438;7971
27;Bourgogne-Franche-Comté;39;300;Lons-le-Saunier;08;Lons-le-Saunier-2;9656;372;10028
75;Nouvelle-Aquitaine;40;088;Dax;05;Dax-1;1853;28;1881
75;Nouvelle-Aquitaine;40;088;Dax;06;Dax-2;18990;813;19803
75;Nouvelle-Aquitaine;40;192;Mont-de-Marsan;10;Mont-de-Marsan-1;19443;933;20376
75;Nouvelle-Aquitaine;40;192;Mont-de-Marsan;11;Mont-de-Marsan-2;10364;480;10844
24;Centre-Val de Loire;41;018;Blois;02;Blois-1;20840;190;21030
24;Centre-Val de Loire;41;018;Blois;03;Blois-2;14216;593;14809
24;Centre-Val de Loire;41;059;Le Controis-en-Sologne;04;Blois-3;2219;69;2288
24;Centre-Val de Loire;41;018;Blois;04;Blois-3;8652;694;9346
24;Centre-Val de Loire;41;059;Le Controis-en-Sologne;07;Montrichard;4504;88;4592
24;Centre-Val de Loire;41;018;Blois;15;Vineuil;2190;43;2233
84;Auvergne-Rhône-Alpes;42;187;Roanne;11;Roanne-1;21357;589;21946
84;Auvergne-Rhône-Alpes;42;187;Roanne;12;Roanne-2;12452;149;12601
84;Auvergne-Rhône-Alpes;42;218;Saint-Étienne;14;Saint-Etienne-1;39836;491;40327
84;Auvergne-Rhône-Alpes;42;218;Saint-Étienne;15;Saint-Etienne-2;16678;194;16872
84;Auvergne-Rhône-Alpes;42;218;Saint-Étienne;16;Saint-Etienne-3;26002;233;26235
84;Auvergne-Rhône-Alpes;42;218;Saint-Étienne;17;Saint-Etienne-4;29077;305;29382
84;Auvergne-Rhône-Alpes;42;218;Saint-Étienne;18;Saint-Etienne-5;22514;135;22649
84;Auvergne-Rhône-Alpes;42;218;Saint-Étienne;19;Saint-Etienne-6;39714;613;40327
84;Auvergne-Rhône-Alpes;43;157;Le Puy-en-Velay;12;Le Puy-en-Velay-1;5263;102;5365
84;Auvergne-Rhône-Alpes;43;157;Le Puy-en-Velay;13;Le Puy-en-Velay-2;5021;175;5196
84;Auvergne-Rhône-Alpes;43;157;Le Puy-en-Velay;14;Le Puy-en-Velay-3;1764;156;1920
84;Auvergne-Rhône-Alpes;43;157;Le Puy-en-Velay;15;Le Puy-en-Velay-4;7167;448;7615
52;Pays de la Loire;44;005;Chaumes-en-Retz;10;Machecoul;2639;39;2678
52;Pays de la Loire;44;109;Nantes;11;Nantes-1;44152;1091;45243
52;Pays de la Loire;44;109;Nantes;12;Nantes-2;41990;833;42823
52;Pays de la Loire;44;109;Nantes;13;Nantes-3;53323;681;54004
52;Pays de la Loire;44;109;Nantes;14;Nantes-4;39225;694;39919
52;Pays de la Loire;44;109;Nantes;15;Nantes-5;42874;442;43316
52;Pays de la Loire;44;109;Nantes;16;Nantes-6;47551;736;48287
52;Pays de la Loire;44;109;Nantes;17;Nantes-7;49693;690;50383
52;Pays de la Loire;44;005;Chaumes-en-Retz;20;Pornic;4256;67;4323
52;Pays de la Loire;44;143;Rezé;21;Rezé-1;5243;90;5333
52;Pays de la Loire;44;143;Rezé;22;Rezé-2;37676;701;38377
52;Pays de la Loire;44;162;Saint-Herblain;24;Saint-Herblain-1;24344;448;24792
52;Pays de la Loire;44;162;Saint-Herblain;25;Saint-Herblain-2;23071;272;23343
52;Pays de la Loire;44;184;Saint-Nazaire;26;Saint-Nazaire-1;49781;1404;51185
52;Pays de la Loire;44;184;Saint-Nazaire;27;Saint-Nazaire-2;21613;341;21954
24;Centre-Val de Loire;45;234;Orléans;05;La Ferté-Saint-Aubin;13214;161;13375
24;Centre-Val de Loire;45;234;Orléans;13;Orléans-1;24780;307;25087
24;Centre-Val de Loire;45;234;Orléans;14;Orléans-2;26514;755;27269
24;Centre-Val de Loire;45;234;Orléans;15;Orléans-3;14605;201;14806
24;Centre-Val de Loire;45;234;Orléans;16;Orléans-4;37156;939;38095
76;Occitanie;46;042;Cahors;01;Cahors-1;6838;217;7055
76;Occitanie;46;042;Cahors;02;Cahors-2;6462;580;7042
76;Occitanie;46;042;Cahors;03;Cahors-3;6637;143;6780
76;Occitanie;46;102;Figeac;07;Figeac-1;5632;441;6073
76;Occitanie;46;102;Figeac;08;Figeac-2;4170;229;4399
75;Nouvelle-Aquitaine;47;001;Agen;01;Agen-1;5746;62;5808
75;Nouvelle-Aquitaine;47;001;Agen;02;Agen-2;1933;9;1942
75;Nouvelle-Aquitaine;47;001;Agen;03;Agen-3;15871;489;16360
75;Nouvelle-Aquitaine;47;001;Agen;04;Agen-4;9052;302;9354
75;Nouvelle-Aquitaine;47;157;Marmande;13;Marmande-1;8487;307;8794
75;Nouvelle-Aquitaine;47;157;Marmande;14;Marmande-2;8934;280;9214
75;Nouvelle-Aquitaine;47;323;Villeneuve-sur-Lot;20;Villeneuve-sur-Lot-1;14007;329;14336
75;Nouvelle-Aquitaine;47;323;Villeneuve-sur-Lot;21;Villeneuve-sur-Lot-2;7735;354;8089
76;Occitanie;48;095;Mende;09;Mende-1;6388;490;6878
76;Occitanie;48;095;Mende;10;Mende-2;5930;339;6269
52;Pays de la Loire;49;007;Angers;01;Angers-1;43297;882;44179
52;Pays de la Loire;49;007;Angers;02;Angers-2;31736;801;32537
52;Pays de la Loire;49;007;Angers;03;Angers-3;24606;315;24921
52;Pays de la Loire;49;007;Angers;04;Angers-4;14371;431;14802
52;Pays de la Loire;49;200;Longuenée-en-Anjou;04;Angers-4;5588;156;5744
52;Pays de la Loire;49;007;Angers;05;Angers-5;26219;420;26639
52;Pays de la Loire;49;007;Angers;06;Angers-6;7411;95;7506
52;Pays de la Loire;49;007;Angers;07;Angers-7;8210;136;8346
52;Pays de la Loire;49;367;Erdre-en-Anjou;10;Chalonnes-sur-Loire;1994;28;2022
52;Pays de la Loire;49;099;Cholet;12;Cholet-1;42413;1395;43808
52;Pays de la Loire;49;099;Cholet;13;Cholet-2;11624;547;12171
52;Pays de la Loire;49;050;Brissac Loire Aubance;14;Doué-en-Anjou;1303;27;1330
52;Pays de la Loire;49;261;Gennes-Val-de-Loire;14;Doué-en-Anjou;5076;106;5182
52;Pays de la Loire;49;261;Gennes-Val-de-Loire;15;Longué-Jumelles;3494;63;3557
52;Pays de la Loire;49;050;Brissac Loire Aubance;17;Les Ponts-de-Cé;9548;247;9795
52;Pays de la Loire;49;200;Longuenée-en-Anjou;21;Tiercé;718;15;733
52;Pays de la Loire;49;367;Erdre-en-Anjou;21;Tiercé;3745;56;3801
28;Normandie;50;025;Avranches;02;Avranches;7916;465;8381
28;Normandie;50;099;Carentan-les-Marais;05;Carentan-les-Marais;9446;173;9619
28;Normandie;50;129;Cherbourg-en-Cotentin;06;Cherbourg-en-Cotentin-1;16617;620;17237
28;Normandie;50;129;Cherbourg-en-Cotentin;07;Cherbourg-en-Cotentin-2;16014;510;16524
28;Normandie;50;129;Cherbourg-en-Cotentin;08;Cherbourg-en-Cotentin-3;8558;154;8712
28;Normandie;50;129;Cherbourg-en-Cotentin;12;Cherbourg-en-Cotentin-4;16301;488;16789
28;Normandie;50;129;Cherbourg-en-Cotentin;14;La Hague;5041;112;5153
28;Normandie;50;025;Avranches;15;Isigny-le-Buat;2348;90;2438
28;Normandie;50;099;Carentan-les-Marais;18;Pont-Hébert;606;8;614
28;Normandie;50;502;Saint-Lô;22;Saint-Lô-1;7274;607;7881
28;Normandie;50;502;Saint-Lô;23;Saint-Lô-2;11776;306;12082
28;Normandie;50;129;Cherbourg-en-Cotentin;24;Cherbourg-en-Cotentin-5;16018;479;16497
44;Grand Est;51;108;Châlons-en-Champagne;03;Châlons-en-Champagne-1;20616;321;20937
44;Grand Est;51;108;Châlons-en-Champagne;04;Châlons-en-Champagne-2;16938;796;17734
44;Grand Est;51;108;Châlons-en-Champagne;05;Châlons-en-Champagne-3;6825;129;6954
44;Grand Est;51;230;Épernay;07;Épernay-1;7783;211;7994
44;Grand Est;51;230;Épernay;08;Épernay-2;14650;257;14907
44;Grand Est;51;454;Reims;11;Reims-1;26489;686;27175
44;Grand Est;51;454;Reims;12;Reims-2;19910;276;20186
44;Grand Est;51;454;Reims;13;Reims-3;23662;375;24037
44;Grand Est;51;454;Reims;14;Reims-4;10107;80;10187
44;Grand Est;51;454;Reims;15;Reims-5;13906;169;14075
44;Grand Est;51;454;Reims;16;Reims-6;26586;269;26855
44;Grand Est;51;454;Reims;17;Reims-7;28439;347;28786
44;Grand Est;51;454;Reims;18;Reims-8;9055;60;9115
44;Grand Est;51;454;Reims;19;Reims-9;23040;658;23698
44;Grand Est;52;121;Chaumont;05;Chaumont-1;7981;225;8206
44;Grand Est;52;121;Chaumont;06;Chaumont-2;6203;328;6531
44;Grand Est;52;121;Chaumont;07;Chaumont-3;7663;642;8305
44;Grand Est;52;448;Saint-Dizier;13;Saint-Dizier-1;4828;42;4870
44;Grand Est;52;448;Saint-Dizier;14;Saint-Dizier-2;10095;292;10387
44;Grand Est;52;448;Saint-Dizier;15;Saint-Dizier-3;8005;165;8170
52;Pays de la Loire;53;062;Château-Gontier-sur-Mayenne;01;Château-Gontier-sur-Mayenne-1;5098;291;5389
52;Pays de la Loire;53;062;Château-Gontier-sur-Mayenne;03;Château-Gontier-sur-Mayenne-2;11852;375;12227
52;Pays de la Loire;53;130;Laval;10;Laval-1;19317;1164;20481
52;Pays de la Loire;53;130;Laval;11;Laval-2;16279;738;17017
52;Pays de la Loire;53;130;Laval;12;Laval-3;14137;735;14872
44;Grand Est;54;329;Lunéville;08;Lunéville-1;11319;270;11589
44;Grand Est;54;329;Lunéville;09;Lunéville-2;6548;54;6602
44;Grand Est;54;395;Nancy;12;Nancy-1;35946;583;36529
44;Grand Est;54;395;Nancy;13;Nancy-2;32959;474;33433
44;Grand Est;54;395;Nancy;14;Nancy-3;36153;389;36542
44;Grand Est;55;029;Bar-le-Duc;02;Bar-le-Duc-1;6972;245;7217
44;Grand Est;55;029;Bar-le-Duc;03;Bar-le-Duc-2;7653;351;8004
44;Grand Est;55;545;Verdun;16;Verdun-1;9758;634;10392
44;Grand Est;55;545;Verdun;17;Verdun-2;7184;330;7514
53;Bretagne;56;121;Lorient;08;Lorient-1;29276;991;30267
53;Bretagne;56;121;Lorient;09;Lorient-2;27970;495;28465
53;Bretagne;56;260;Vannes;19;Vannes-1;32453;1316;33769
53;Bretagne;56;260;Vannes;20;Vannes-2;10350;387;10737
53;Bretagne;56;260;Vannes;21;Vannes-3;10916;270;11186
44;Grand Est;57;463;Metz;11;Metz-1;37634;565;38199
44;Grand Est;57;463;Metz;12;Metz-2;40543;724;41267
44;Grand Est;57;463;Metz;13;Metz-3;40312;557;40869
44;Grand Est;57;672;Thionville;26;Thionville;39231;725;39956
44;Grand Est;57;672;Thionville;27;Yutz;1547;31;1578
27;Bourgogne-Franche-Comté;58;194;Nevers;11;Nevers-1;7642;374;8016
27;Bourgogne-Franche-Comté;58;194;Nevers;12;Nevers-2;6124;67;6191
27;Bourgogne-Franche-Comté;58;194;Nevers;13;Nevers-3;9063;230;9293
27;Bourgogne-Franche-Comté;58;194;Nevers;14;Nevers-4;10176;393;10569
32;Hauts-de-France;59;183;Dunkerque;16;Dunkerque-1;50678;468;51146
32;Hauts-de-France;59;183;Dunkerque;17;Dunkerque-2;35292;793;36085
32;Hauts-de-France;59;183;Dunkerque;20;Grande-Synthe;309;7;316
32;Hauts-de-France;59;350;Lille;23;Lille-1;18623;171;18794
32;Hauts-de-France;59;350;Lille;24;Lille-2;7029;69;7098
32;Hauts-de-France;59;350;Lille;25;Lille-3;50490;332;50822
32;Hauts-de-France;59;350;Lille;26;Lille-4;47336;396;47732
32;Hauts-de-France;59;350;Lille;27;Lille-5;74043;685;74728
32;Hauts-de-France;59;350;Lille;28;Lille-6;36954;272;37226
32;Hauts-de-France;59;512;Roubaix;32;Roubaix-1;76149;312;76461
32;Hauts-de-France;59;512;Roubaix;33;Roubaix-2;22679;154;22833
32;Hauts-de-France;59;599;Tourcoing;37;Tourcoing-1;22235;99;22334
32;Hauts-de-France;59;599;Tourcoing;38;Tourcoing-2;76421;590;77011
32;Hauts-de-France;60;057;Beauvais;01;Beauvais-1;35906;721;36627
32;Hauts-de-France;60;057;Beauvais;02;Beauvais-2;21165;728;21893
32;Hauts-de-France;60;159;Compiègne;06;Compiègne-1;15738;477;16215
32;Hauts-de-France;60;159;Compiègne;07;Compiègne-2;24877;551;25428
28;Normandie;61;001;Alençon;02;Alençon-1;15189;588;15777
28;Normandie;61;001;Alençon;03;Alençon-2;10681;164;10845
28;Normandie;61;006;Argentan;04;Argentan-1;7539;216;7755
28;Normandie;61;006;Argentan;05;Argentan-2;5856;137;5993
28;Normandie;61;169;Flers;13;Flers-1;7263;136;7399
28;Normandie;61;169;Flers;14;Flers-2;7499;228;7727
32;Hauts-de-France;62;041;Arras;02;Arras-1;14667;173;14840
32;Hauts-de-France;62;041;Arras;03;Arras-2;16441;477;16918
32;Hauts-de-France;62;041;Arras;04;Arras-3;10586;138;10724
32;Hauts-de-France;62;160;Boulogne-sur-Mer;13;Boulogne-sur-Mer-1;22296;178;22474
32;Hauts-de-France;62;160;Boulogne-sur-Mer;14;Boulogne-sur-Mer-2;17955;258;18213
32;Hauts-de-France;62;193;Calais;18;Calais-1;23185;269;23454
32;Hauts-de-France;62;193;Calais;19;Calais-2;5896;31;5927
32;Hauts-de-France;62;193;Calais;20;Calais-3;43428;325;43753
32;Hauts-de-France;62;427;Hénin-Beaumont;27;Hénin-Beaumont-1;9206;121;9327
32;Hauts-de-France;62;427;Hénin-Beaumont;28;Hénin-Beaumont-2;16786;253;17039
84;Auvergne-Rhône-Alpes;63;113;Clermont-Ferrand;10;Clermont-Ferrand-1;22359;135;22494
84;Auvergne-Rhône-Alpes;63;113;Clermont-Ferrand;11;Clermont-Ferrand-2;25004;453;25457
84;Auvergne-Rhône-Alpes;63;113;Clermont-Ferrand;12;Clermont-Ferrand-3;24810;272;25082
84;Auvergne-Rhône-Alpes;63;113;Clermont-Ferrand;13;Clermont-Ferrand-4;22324;292;22616
84;Auvergne-Rhône-Alpes;63;113;Clermont-Ferrand;14;Clermont-Ferrand-5;27279;602;27881
84;Auvergne-Rhône-Alpes;63;113;Clermont-Ferrand;15;Clermont-Ferrand-6;26089;977;27066
75;Nouvelle-Aquitaine;64;024;Anglet;01;Anglet;24182;741;24923
75;Nouvelle-Aquitaine;64;102;Bayonne;04;Bayonne-1;5934;187;6121
75;Nouvelle-Aquitaine;64;024;Anglet;04;Bayonne-1;15537;380;15917
75;Nouvelle-Aquitaine;64;102;Bayonne;05;Bayonne-2;19728;241;19969
75;Nouvelle-Aquitaine;64;102;Bayonne;06;Bayonne-3;26232;741;26973
75;Nouvelle-Aquitaine;64;422;Oloron-Sainte-Marie;14;Oloron-Sainte-Marie-1;6721;425;7146
75;Nouvelle-Aquitaine;64;422;Oloron-Sainte-Marie;15;Oloron-Sainte-Marie-2;3873;214;4087
75;Nouvelle-Aquitaine;64;445;Pau;18;Pau-1;25736;382;26118
75;Nouvelle-Aquitaine;64;445;Pau;19;Pau-2;18974;249;19223
75;Nouvelle-Aquitaine;64;445;Pau;20;Pau-3;13896;573;14469
75;Nouvelle-Aquitaine;64;445;Pau;21;Pau-4;17021;239;17260
76;Occitanie;65;286;Lourdes;05;Lourdes-1;6819;194;7013
76;Occitanie;65;286;Lourdes;06;Lourdes-2;6313;123;6436
76;Occitanie;65;440;Tarbes;10;Tarbes-1;13901;256;14157
76;Occitanie;65;440;Tarbes;11;Tarbes-2;14145;161;14306
76;Occitanie;65;440;Tarbes;12;Tarbes-3;14712;646;15358
76;Occitanie;66;136;Perpignan;06;Perpignan-1;28886;281;29167
76;Occitanie;66;136;Perpignan;07;Perpignan-2;14806;280;15086
76;Occitanie;66;136;Perpignan;08;Perpignan-3;13901;207;14108
76;Occitanie;66;136;Perpignan;09;Perpignan-4;23864;289;24153
76;Occitanie;66;136;Perpignan;10;Perpignan-5;21033;211;21244
76;Occitanie;66;136;Perpignan;11;Perpignan-6;16854;159;17013
44;Grand Est;67;372;Val-de-Moder;02;Bouxwiller;134;1;135
44;Grand Est;67;372;Val-de-Moder;13;Reichshoffen;4906;58;4964
44;Grand Est;67;482;Strasbourg;17;Strasbourg-1;48109;379;48488
44;Grand Est;67;482;Strasbourg;18;Strasbourg-2;44877;307;45184
44;Grand Est;67;482;Strasbourg;19;Strasbourg-3;50667;226;50893
44;Grand Est;67;482;Strasbourg;20;Strasbourg-4;43373;576;43949
44;Grand Est;67;482;Strasbourg;21;Strasbourg-5;40527;669;41196
44;Grand Est;67;482;Strasbourg;22;Strasbourg-6;59675;721;60396
44;Grand Est;68;066;Colmar;04;Colmar-1;38292;539;38831
44;Grand Est;68;066;Colmar;05;Colmar-2;30390;535;30925
44;Grand Est;68;224;Mulhouse;10;Mulhouse-1;39968;480;40448
44;Grand Est;68;224;Mulhouse;11;Mulhouse-2;41341;379;41720
44;Grand Est;68;224;Mulhouse;12;Mulhouse-3;27003;360;27363
27;Bourgogne-Franche-Comté;70;285;Héricourt;03;Héricourt-1;2521;51;2572
27;Bourgogne-Franche-Comté;70;285;Héricourt;04;Héricourt-2;8125;221;8346
27;Bourgogne-Franche-Comté;70;310;Lure;06;Lure-1;4651;116;4767
27;Bourgogne-Franche-Comté;70;310;Lure;07;Lure-2;3395;69;3464
27;Bourgogne-Franche-Comté;70;245;Fougerolles-Saint-Valbert;08;Luxeuil-les-Bains;238;2;240
27;Bourgogne-Franche-Comté;70;245;Fougerolles-Saint-Valbert;13;Saint-Loup-sur-Semouse;3559;121;3680
27;Bourgogne-Franche-Comté;70;550;Vesoul;15;Vesoul-1;5094;150;5244
27;Bourgogne-Franche-Comté;70;550;Vesoul;16;Vesoul-2;9820;599;10419
27;Bourgogne-Franche-Comté;71;014;Autun;01;Autun-1;7834;452;8286
27;Bourgogne-Franche-Comté;71;014;Autun;02;Autun-2;5153;570;5723
27;Bourgogne-Franche-Comté;71;076;Chalon-sur-Saône;05;Chalon-sur-Saône-1;10902;159;11061
27;Bourgogne-Franche-Comté;71;076;Chalon-sur-Saône;06;Chalon-sur-Saône-2;21040;787;21827
27;Bourgogne-Franche-Comté;71;076;Chalon-sur-Saône;07;Chalon-sur-Saône-3;13114;575;13689
27;Bourgogne-Franche-Comté;71;153;Le Creusot;12;Le Creusot-1;12230;168;12398
27;Bourgogne-Franche-Comté;71;153;Le Creusot;13;Le Creusot-2;9039;130;9169
27;Bourgogne-Franche-Comté;71;270;Mâcon;21;Mâcon-1;14051;220;14271
27;Bourgogne-Franche-Comté;71;270;Mâcon;22;Mâcon-2;19857;535;20392
52;Pays de la Loire;72;181;Le Mans;10;Le Mans-1;20551;341;20892
52;Pays de la Loire;72;181;Le Mans;11;Le Mans-2;16278;304;16582
52;Pays de la Loire;72;181;Le Mans;12;Le Mans-3;29286;875;30161
52;Pays de la Loire;72;181;Le Mans;13;Le Mans-4;21654;462;22116
52;Pays de la Loire;72;181;Le Mans;14;Le Mans-5;24315;540;24855
52;Pays de la Loire;72;181;Le Mans;15;Le Mans-6;22872;218;23090
52;Pays de la Loire;72;181;Le Mans;16;Le Mans-7;8891;116;9007
84;Auvergne-Rhône-Alpes;73;008;Aix-les-Bains;01;Aix-les-Bains-1;8057;170;8227
84;Auvergne-Rhône-Alpes;73;008;Aix-les-Bains;02;Aix-les-Bains-2;22406;407;22813
84;Auvergne-Rhône-Alpes;73;011;Albertville;03;Albertville-1;10435;336;10771
84;Auvergne-Rhône-Alpes;73;011;Albertville;04;Albertville-2;9067;228;9295
84;Auvergne-Rhône-Alpes;73;065;Chambéry;07;Chambéry-1;21039;687;21726
84;Auvergne-Rhône-Alpes;73;065;Chambéry;08;Chambéry-2;18107;522;18629
84;Auvergne-Rhône-Alpes;73;065;Chambéry;09;Chambéry-3;19771;352;20123
84;Auvergne-Rhône-Alpes;74;010;Annecy;01;Annecy-1;26060;394;26454
84;Auvergne-Rhône-Alpes;74;010;Annecy;02;Annecy-2;36580;1125;37705
84;Auvergne-Rhône-Alpes;74;010;Annecy;03;Annecy-3;26737;861;27598
84;Auvergne-Rhône-Alpes;74;010;Annecy;16;Annecy-4;41344;1000;42344
28;Normandie;76;217;Dieppe;07;Dieppe-1;17485;347;17832
28;Normandie;76;217;Dieppe;08;Dieppe-2;10756;121;10877
28;Normandie;76;351;Le Havre;14;Le Havre-1;38316;397;38713
28;Normandie;76;351;Le Havre;15;Le Havre-2;10512;114;10626
28;Normandie;76;351;Le Havre;16;Le Havre-3;23622;113;23735
28;Normandie;76;351;Le Havre;17;Le Havre-4;35094;255;35349
28;Normandie;76;351;Le Havre;18;Le Havre-5;31984;595;32579
28;Normandie;76;351;Le Havre;19;Le Havre-6;28762;356;29118
28;Normandie;76;681;Sotteville-lès-Rouen;27;Le Petit-Quevilly;7628;183;7811
28;Normandie;76;540;Rouen;28;Rouen-1;38916;629;39545
28;Normandie;76;540;Rouen;29;Rouen-2;35377;644;36021
28;Normandie;76;540;Rouen;30;Rouen-3;38028;340;38368
28;Normandie;76;575;Saint-Étienne-du-Rouvray;31;Saint-Étienne-du-Rouvray;21370;181;21551
28;Normandie;76;681;Sotteville-lès-Rouen;34;Sotteville-lès-Rouen;21440;262;21702
28;Normandie;76;575;Saint-Étienne-du-Rouvray;34;Sotteville-lès-Rouen;6982;40;7022
11;Île-de-France;78;646;Versailles;20;Versailles-1;64177;1692;65869
11;Île-de-France;78;646;Versailles;21;Versailles-2;20631;346;20977
75;Nouvelle-Aquitaine;79;191;Niort;10;Niort-1;20217;552;20769
75;Nouvelle-Aquitaine;79;191;Niort;11;Niort-2;19041;682;19723
75;Nouvelle-Aquitaine;79;191;Niort;12;Niort-3;19935;600;20535
32;Hauts-de-France;80;001;Abbeville;01;Abbeville-1;12389;316;12705
32;Hauts-de-France;80;001;Abbeville;02;Abbeville-2;10591;94;10685
32;Hauts-de-France;80;021;Amiens;06;Amiens-1;27756;157;27913
32;Hauts-de-France;80;021;Amiens;07;Amiens-2;15288;176;15464
32;Hauts-de-France;80;021;Amiens;08;Amiens-3;16176;81;16257
32;Hauts-de-France;80;021;Amiens;09;Amiens-4;13589;320;13909
32;Hauts-de-France;80;021;Amiens;10;Amiens-5;20698;410;21108
32;Hauts-de-France;80;021;Amiens;11;Amiens-6;22784;1165;23949
32;Hauts-de-France;80;021;Amiens;12;Amiens-7;18415;365;18780
76;Occitanie;81;004;Albi;01;Albi-1;15988;751;16739
76;Occitanie;81;004;Albi;02;Albi-2;11518;407;11925
76;Occitanie;81;004;Albi;03;Albi-3;8545;339;8884
76;Occitanie;81;004;Albi;04;Albi-4;12851;226;13077
76;Occitanie;81;060;Carmaux;05;Carmaux-1 Le Ségala;5841;89;5930
76;Occitanie;81;060;Carmaux;06;Carmaux-2 Vallée du Cérou;3941;67;4008
76;Occitanie;81;065;Castres;07;Castres-1;17828;532;18360
76;Occitanie;81;065;Castres;08;Castres-2;9824;468;10292
76;Occitanie;81;065;Castres;09;Castres-3;14427;470;14897
76;Occitanie;81;163;Mazamet;16;Mazamet-1;2556;44;2600
76;Occitanie;81;163;Mazamet;17;Mazamet-2 Vallée du Thoré;7440;378;7818
76;Occitanie;82;121;Montauban;06;Montauban-1;19963;410;20373
76;Occitanie;82;121;Montauban;07;Montauban-2;20019;614;20633
76;Occitanie;82;121;Montauban;08;Montauban-3;21390;436;21826
93;Provence-Alpes-Côte d'Azur;83;069;Hyères;02;La Crau;7773;82;7855
93;Provence-Alpes-Côte d'Azur;83;061;Fréjus;05;Fréjus;43030;611;43641
93;Provence-Alpes-Côte d'Azur;83;069;Hyères;08;Hyères;47048;895;47943
93;Provence-Alpes-Côte d'Azur;83;061;Fréjus;14;Saint-Raphaël;11428;232;11660
93;Provence-Alpes-Côte d'Azur;83;126;La Seyne-sur-Mer;16;La Seyne-sur-Mer-1;53151;571;53722
93;Provence-Alpes-Côte d'Azur;83;126;La Seyne-sur-Mer;17;La Seyne-sur-Mer-2;9836;191;10027
93;Provence-Alpes-Côte d'Azur;83;137;Toulon;19;Toulon-1;51943;364;52307
93;Provence-Alpes-Côte d'Azur;83;137;Toulon;20;Toulon-2;45879;407;46286
93;Provence-Alpes-Côte d'Azur;83;137;Toulon;21;Toulon-3;26990;461;27451
93;Provence-Alpes-Côte d'Azur;83;137;Toulon;22;Toulon-4;53933;664;54597
93;Provence-Alpes-Côte d'Azur;84;007;Avignon;02;Avignon-1;30434;412;30846
93;Provence-Alpes-Côte d'Azur;84;007;Avignon;03;Avignon-2;32162;762;32924
93;Provence-Alpes-Côte d'Azur;84;007;Avignon;04;Avignon-3;28547;504;29051
52;Pays de la Loire;85;191;La Roche-sur-Yon;12;La Roche-sur-Yon-1;26002;1829;27831
52;Pays de la Loire;85;191;La Roche-sur-Yon;13;La Roche-sur-Yon-2;29145;1127;30272
75;Nouvelle-Aquitaine;86;066;Châtellerault;02;Châtellerault-1;8459;210;8669
75;Nouvelle-Aquitaine;86;066;Châtellerault;03;Châtellerault-2;9395;257;9652
75;Nouvelle-Aquitaine;86;066;Châtellerault;04;Châtellerault-3;13633;332;13965
75;Nouvelle-Aquitaine;86;194;Poitiers;13;Poitiers-1;17436;464;17900
75;Nouvelle-Aquitaine;86;194;Poitiers;14;Poitiers-2;16951;807;17758
75;Nouvelle-Aquitaine;86;194;Poitiers;15;Poitiers-3;26594;586;27180
75;Nouvelle-Aquitaine;86;194;Poitiers;16;Poitiers-4;16399;305;16704
75;Nouvelle-Aquitaine;86;194;Poitiers;17;Poitiers-5;11832;113;11945
75;Nouvelle-Aquitaine;87;085;Limoges;08;Limoges-1;18921;272;19193
75;Nouvelle-Aquitaine;87;085;Limoges;09;Limoges-2;15366;147;15513
75;Nouvelle-Aquitaine;87;085;Limoges;10;Limoges-3;16567;180;16747
75;Nouvelle-Aquitaine;87;085;Limoges;11;Limoges-4;16117;148;16265
75;Nouvelle-Aquitaine;87;085;Limoges;12;Limoges-5;7942;571;8513
75;Nouvelle-Aquitaine;87;085;Limoges;13;Limoges-6;17593;350;17943
75;Nouvelle-Aquitaine;87;085;Limoges;14;Limoges-7;13825;184;14009
75;Nouvelle-Aquitaine;87;085;Limoges;15;Limoges-8;15771;325;16096
75;Nouvelle-Aquitaine;87;085;Limoges;16;Limoges-9;8774;83;8857
44;Grand Est;88;160;Épinal;05;Épinal-1;13378;506;13884
44;Grand Est;88;160;Épinal;06;Épinal-2;18878;944;19822
44;Grand Est;88;413;Saint-Dié-des-Vosges;13;Saint-Dié-des-Vosges-1;11317;256;11573
44;Grand Est;88;413;Saint-Dié-des-Vosges;14;Saint-Dié-des-Vosges-2;8259;228;8487
27;Bourgogne-Franche-Comté;89;024;Auxerre;01;Auxerre-1;7986;404;8390
27;Bourgogne-Franche-Comté;89;024;Auxerre;02;Auxerre-2;6721;163;6884
27;Bourgogne-Franche-Comté;89;024;Auxerre;03;Auxerre-3;8638;286;8924
27;Bourgogne-Franche-Comté;89;024;Auxerre;04;Auxerre-4;11106;250;11356
27;Bourgogne-Franche-Comté;89;387;Sens;16;Sens-1;16767;290;17057
27;Bourgogne-Franche-Comté;89;387;Sens;17;Sens-2;9921;225;10146
27;Bourgogne-Franche-Comté;90;010;Belfort;02;Belfort-1;15529;308;15837
27;Bourgogne-Franche-Comté;90;010;Belfort;03;Belfort-2;16836;293;17129
27;Bourgogne-Franche-Comté;90;010;Belfort;04;Belfort-3;14078;198;14276
11;Île-de-France;91;421;Montgeron;06;Draveil;6192;102;6294
11;Île-de-France;91;114;Brunoy;07;Épinay-sous-Sénart;5616;101;5717
11;Île-de-France;91;421;Montgeron;19;Vigneux-sur-Seine;17568;191;17759
11;Île-de-France;91;114;Brunoy;21;Yerres;19714;326;20040
11;Île-de-France;92;004;Asnières-sur-Seine;02;Asnières-sur-Seine;70666;509;71175
11;Île-de-France;92;012;Boulogne-Billancourt;04;Boulogne-Billancourt-1;67443;811;68254
11;Île-de-France;92;012;Boulogne-Billancourt;05;Boulogne-Billancourt-2;54140;431;54571
11;Île-de-France;92;025;Colombes;10;Colombes-1;73161;458;73619
11;Île-de-France;92;025;Colombes;11;Colombes-2;13373;128;13501
11;Île-de-France;92;026;Courbevoie;12;Courbevoie-1;50434;429;50863
11;Île-de-France;92;004;Asnières-sur-Seine;12;Courbevoie-1;16477;157;16634
11;Île-de-France;92;026;Courbevoie;13;Courbevoie-2;31124;226;31350
11;Île-de-France;92;050;Nanterre;19;Nanterre-1;64931;362;65293
11;Île-de-France;92;050;Nanterre;20;Nanterre-2;31346;278;31624
11;Île-de-France;93;029;Drancy;04;Le Blanc-Mesnil;8016;31;8047
11;Île-de-France;93;008;Bobigny;05;Bobigny;51681;157;51838
11;Île-de-France;93;008;Bobigny;06;Bondy;2682;8;2690
11;Île-de-France;93;029;Drancy;08;Drancy;64360;251;64611
11;Île-de-France;93;031;Épinay-sur-Seine;09;Épinay-sur-Seine;22531;69;22600
11;Île-de-France;93;048;Montreuil;12;Montreuil-1;46665;250;46915
11;Île-de-France;93;048;Montreuil;13;Montreuil-2;64575;320;64895
11;Île-de-France;93;066;Saint-Denis;16;Saint-Denis-1;71396;321;71717
11;Île-de-France;93;066;Saint-Denis;17;Saint-Denis-2;41456;593;42049
11;Île-de-France;93;031;Épinay-sur-Seine;18;Saint-Ouen;32080;88;32168
11;Île-de-France;94;017;Champigny-sur-Marne;03;Champigny-sur-Marne-1;51313;244;51557
11;Île-de-France;94;017;Champigny-sur-Marne;04;Champigny-sur-Marne-2;25677;100;25777
11;Île-de-France;94;052;Nogent-sur-Marne;05;Charenton-le-Pont;1003;14;1017
11;Île-de-France;94;078;Villeneuve-Saint-Georges;06;Choisy-le-Roi;21651;62;21713
11;Île-de-France;94;028;Créteil;07;Créteil-1;47344;191;47535
11;Île-de-France;94;028;Créteil;08;Créteil-2;45902;285;46187
11;Île-de-France;94;080;Vincennes;09;Fontenay-sous-Bois;9324;72;9396
11;Île-de-France;94;052;Nogent-sur-Marne;14;Nogent-sur-Marne;33039;222;33261
11;Île-de-France;94;068;Saint-Maur-des-Fossés;17;Saint-Maur-des-Fossés-1;61836;753;62589
11;Île-de-France;94;068;Saint-Maur-des-Fossés;18;Saint-Maur-des-Fossés-2;13140;159;13299
11;Île-de-France;94;078;Villeneuve-Saint-Georges;21;Villeneuve-Saint-Georges;13239;40;13279
11;Île-de-France;94;080;Vincennes;23;Vincennes;40464;370;40834
11;Île-de-France;94;081;Vitry-sur-Seine;24;Vitry-sur-Seine-1;48752;243;48995
11;Île-de-France;94;081;Vitry-sur-Seine;25;Vitry-sur-Seine-2;46758;216;46974
11;Île-de-France;95;018;Argenteuil;01;Argenteuil-1;11933;61;11994
11;Île-de-France;95;018;Argenteuil;02;Argenteuil-2;63637;253;63890
11;Île-de-France;95;018;Argenteuil;03;Argenteuil-3;35468;243;35711
11;Île-de-France;95;127;Cergy;04;Cergy-1;46725;277;47002
11;Île-de-France;95;127;Cergy;05;Cergy-2;19186;241;19427
01;Guadeloupe;971;101;Les Abymes;01;Les Abymes-1;16408;232;16640
01;Guadeloupe;971;101;Les Abymes;02;Les Abymes-2;21339;180;21519
01;Guadeloupe;971;113;Le Gosier;03;Les Abymes-3;3514;31;3545
01;Guadeloupe;971;101;Les Abymes;03;Les Abymes-3;15767;101;15868
01;Guadeloupe;971;103;Baie-Mahault;04;Baie-Mahault-1;19633;266;19899
01;Guadeloupe;971;118;Petit-Bourg;05;Baie-Mahault-2;12786;253;13039
01;Guadeloupe;971;103;Baie-Mahault;05;Baie-Mahault-2;11204;232;11436
01;Guadeloupe;971;113;Le Gosier;08;Le Gosier;22975;313;23288
01;Guadeloupe;971;118;Petit-Bourg;13;Petit-Bourg;11967;168;12135
01;Guadeloupe;971;128;Sainte-Anne;16;Saint-François;3510;63;3573
01;Guadeloupe;971;128;Sainte-Anne;17;Sainte-Anne;20641;206;20847
01;Guadeloupe;971;106;Bouillante;18;Sainte-Rose-1;2749;42;2791
01;Guadeloupe;971;129;Sainte-Rose;18;Sainte-Rose-1;2850;68;2918
01;Guadeloupe;971;129;Sainte-Rose;19;Sainte-Rose-2;15135;226;15361
01;Guadeloupe;971;106;Bouillante;21;Vieux-Habitants;4098;69;4167
04;La Réunion;974;413;Saint-Leu;01;L'Étang-Salé;4653;50;4703
04;La Réunion;974;409;Saint-André;04;Saint-André-1;9470;84;9554
04;La Réunion;974;409;Saint-André;05;Saint-André-2;38217;287;38504
04;La Réunion;974;409;Saint-André;06;Saint-André-3;9215;93;9308
04;La Réunion;974;410;Saint-Benoît;07;Saint-Benoît-1;20913;144;21057
04;La Réunion;974;410;Saint-Benoît;08;Saint-Benoît-2;16123;105;16228
04;La Réunion;974;411;Saint-Denis;09;Saint-Denis-1;43880;341;44221
04;La Réunion;974;411;Saint-Denis;10;Saint-Denis-2;33478;394;33872
04;La Réunion;974;411;Saint-Denis;11;Saint-Denis-3;38783;357;39140
04;La Réunion;974;411;Saint-Denis;12;Saint-Denis-4;37669;400;38069
04;La Réunion;974;412;Saint-Joseph;13;Saint-Joseph;27521;243;27764
04;La Réunion;974;413;Saint-Leu;14;Saint-Leu;29933;426;30359
04;La Réunion;974;414;Saint-Louis;15;Saint-Louis-1;29603;307;29910
04;La Réunion;974;414;Saint-Louis;16;Saint-Louis-2;23517;266;23783
04;La Réunion;974;415;Saint-Paul;17;Saint-Paul-1;32850;364;33214
04;La Réunion;974;415;Saint-Paul;18;Saint-Paul-2;33893;480;34373
04;La Réunion;974;415;Saint-Paul;19;Saint-Paul-3;36465;504;36969
04;La Réunion;974;416;Saint-Pierre;20;Saint-Pierre-1;35394;370;35764
04;La Réunion;974;416;Saint-Pierre;21;Saint-Pierre-2;38348;427;38775
04;La Réunion;974;412;Saint-Joseph;22;Saint-Pierre-3;10397;264;10661
04;La Réunion;974;416;Saint-Pierre;22;Saint-Pierre-3;11240;99;11339
04;La Réunion;974;422;Le Tampon;24;Le Tampon-1;40342;398;40740
04;La Réunion;974;422;Le Tampon;25;Le Tampon-2;39482;611;40093
