CODREG;REG;CODDEP;DEP;CODARR;ARR;NBCOM;PMUN;PTOT
84;Auvergne-Rhône-Alpes;01;Ain;1;Belley;105;122624;125661
84;Auvergne-Rhône-Alpes;01;Ain;2;Bourg-en-Bresse;199;337769;346201
84;Auvergne-Rhône-Alpes;01;Ain;3;Gex;27;98257;100515
84;Auvergne-Rhône-Alpes;01;Ain;4;Nantua;62;93782;96188
32;Hauts-de-France;02;Aisne;1;Château-Thierry;108;70133;71671
32;Hauts-de-France;02;Aisne;2;Laon;240;155351;158844
32;Hauts-de-France;02;Aisne;3;Saint-Quentin;126;127461;130184
32;Hauts-de-France;02;Aisne;4;Soissons;166;107600;110094
32;Hauts-de-France;02;Aisne;5;Vervins;160;70800;72575
84;Auvergne-Rhône-Alpes;03;Allier;1;Montluçon;89;105988;108796
84;Auvergne-Rhône-Alpes;03;Allier;2;Moulins;109;104994;108138
84;Auvergne-Rhône-Alpes;03;Allier;3;Vichy;119;124993;127988
93;Provence-Alpes-Côte d'Azur;04;Alpes-de-Haute-Provence;1;Barcelonnette;14;7770;8104
93;Provence-Alpes-Côte d'Azur;04;Alpes-de-Haute-Provence;2;Castellane;41;11422;11655
93;Provence-Alpes-Côte d'Azur;04;Alpes-de-Haute-Provence;3;Digne-les-Bains;46;47463;49093
93;Provence-Alpes-Côte d'Azur;04;Alpes-de-Haute-Provence;4;Forcalquier;97;97653;100015
93;Provence-Alpes-Côte d'Azur;05;Hautes-Alpes;1;Briançon;36;34280;35279
93;Provence-Alpes-Côte d'Azur;05;Hautes-Alpes;2;Gap;126;106940;110512
93;Provence-Alpes-Côte d'Azur;06;Alpes-Maritimes;1;Grasse;62;568675;577263
93;Provence-Alpes-Côte d'Azur;06;Alpes-Maritimes;2;Nice;101;525608;531212
84;Auvergne-Rhône-Alpes;07;Ardèche;1;Largentière;151;103089;106051
84;Auvergne-Rhône-Alpes;07;Ardèche;2;Privas;66;85714;87781
84;Auvergne-Rhône-Alpes;07;Ardèche;3;Tournon-sur-Rhône;118;139475;143395
44;Grand Est;08;Ardennes;1;Charleville-Mézières;157;155233;158864
44;Grand Est;08;Ardennes;2;Rethel;101;37303;38107
44;Grand Est;08;Ardennes;3;Sedan;73;56476;57743
44;Grand Est;08;Ardennes;4;Vouziers;118;21570;22216
76;Occitanie;09;Ariège;1;Foix;114;47433;48722
76;Occitanie;09;Ariège;2;Pamiers;92;64972;66664
76;Occitanie;09;Ariège;3;Saint-Girons;121;40882;41953
44;Grand Est;10;Aube;1;Bar-sur-Aube;108;27802;28486
44;Grand Est;10;Aube;2;Nogent-sur-Seine;79;53988;55077
44;Grand Est;10;Aube;3;Troyes;244;228452;233803
76;Occitanie;11;Aude;1;Carcassonne;186;162376;166883
76;Occitanie;11;Aude;2;Limoux;138;42091;43272
76;Occitanie;11;Aude;3;Narbonne;109;169603;172726
76;Occitanie;12;Aveyron;1;Millau;110;79672;82377
76;Occitanie;12;Aveyron;2;Rodez;79;112301;117044
76;Occitanie;12;Aveyron;3;Villefranche-de-Rouergue;96;87622;90527
93;Provence-Alpes-Côte d'Azur;13;Bouches-du-Rhône;1;Aix-en-Provence;48;455914;465032
93;Provence-Alpes-Côte d'Azur;13;Bouches-du-Rhône;2;Arles;29;171157;173990
93;Provence-Alpes-Côte d'Azur;13;Bouches-du-Rhône;3;Marseille;21;1085819;1094686
93;Provence-Alpes-Côte d'Azur;13;Bouches-du-Rhône;4;Istres;21;330220;333946
28;Normandie;14;Calvados;1;Bayeux;123;73466;74890
28;Normandie;14;Calvados;2;Caen;201;390471;397412
28;Normandie;14;Calvados;3;Lisieux;160;159824;163620
28;Normandie;14;Calvados;4;Vire;44;71144;73142
84;Auvergne-Rhône-Alpes;15;Cantal;1;Aurillac;93;81939;84791
84;Auvergne-Rhône-Alpes;15;Cantal;2;Mauriac;55;25357;26125
84;Auvergne-Rhône-Alpes;15;Cantal;3;Saint-Flour;98;37396;38748
75;Nouvelle-Aquitaine;16;Charente;1;Angoulême;115;181745;186790
75;Nouvelle-Aquitaine;16;Charente;2;Cognac;109;99168;101613
75;Nouvelle-Aquitaine;16;Charente;3;Confolens;141;71102;72847
75;Nouvelle-Aquitaine;17;Charente-Maritime;1;Jonzac;129;68248;70089
75;Nouvelle-Aquitaine;17;Charente-Maritime;2;Rochefort;78;191475;195497
75;Nouvelle-Aquitaine;17;Charente-Maritime;3;La Rochelle;58;222349;227298
75;Nouvelle-Aquitaine;17;Charente-Maritime;4;Saintes;88;117287;121012
75;Nouvelle-Aquitaine;17;Charente-Maritime;5;Saint-Jean-d'Angély;110;51999;53391
24;Centre-Val de Loire;18;Cher;1;Bourges;128;171566;176181
24;Centre-Val de Loire;18;Cher;2;Saint-Amand-Montrond;116;62042;63299
24;Centre-Val de Loire;18;Cher;3;Vierzon;43;68698;70043
75;Nouvelle-Aquitaine;19;Corrèze;1;Brive-la-Gaillarde;96;128029;131298
75;Nouvelle-Aquitaine;19;Corrèze;2;Tulle;104;70807;73100
75;Nouvelle-Aquitaine;19;Corrèze;3;Ussel;80;41237;43443
27;Bourgogne-Franche-Comté;21;Côte-d'Or;1;Beaune;222;109734;112778
27;Bourgogne-Franche-Comté;21;Côte-d'Or;2;Dijon;224;365872;372964
27;Bourgogne-Franche-Comté;21;Côte-d'Or;3;Montbard;252;58518;60447
53;Bretagne;22;Côtes-d'Armor;1;Dinan;67;104296;107099
53;Bretagne;22;Côtes-d'Armor;2;Guingamp;111;125097;128960
53;Bretagne;22;Côtes-d'Armor;3;Lannion;57;99747;103561
53;Bretagne;22;Côtes-d'Armor;4;Saint-Brieuc;113;271442;279249
75;Nouvelle-Aquitaine;23;Creuse;1;Aubusson;129;43625;44630
75;Nouvelle-Aquitaine;23;Creuse;2;Guéret;127;72992;75516
75;Nouvelle-Aquitaine;24;Dordogne;1;Bergerac;130;102458;104915
75;Nouvelle-Aquitaine;24;Dordogne;2;Nontron;94;54035;55263
75;Nouvelle-Aquitaine;24;Dordogne;3;Périgueux;143;175640;180364
75;Nouvelle-Aquitaine;24;Dordogne;4;Sarlat-la-Canéda;138;81090;83136
27;Bourgogne-Franche-Comté;25;Doubs;1;Besançon;256;251717;257966
27;Bourgogne-Franche-Comté;25;Doubs;2;Montbéliard;168;175970;179557
27;Bourgogne-Franche-Comté;25;Doubs;3;Pontarlier;149;116287;120191
84;Auvergne-Rhône-Alpes;26;Drôme;1;Die;113;68530;70356
84;Auvergne-Rhône-Alpes;26;Drôme;2;Nyons;149;150713;154900
84;Auvergne-Rhône-Alpes;26;Drôme;3;Valence;102;297519;304827
28;Normandie;27;Eure;1;Les Andelys;185;235250;240158
28;Normandie;27;Eure;2;Bernay;297;226293;231507
28;Normandie;27;Eure;3;Évreux;103;137964;141127
24;Centre-Val de Loire;28;Eure-et-Loir;1;Chartres;148;209576;214878
24;Centre-Val de Loire;28;Eure-et-Loir;2;Châteaudun;61;57999;59495
24;Centre-Val de Loire;28;Eure-et-Loir;3;Dreux;108;128825;131203
24;Centre-Val de Loire;28;Eure-et-Loir;4;Nogent-le-Rotrou;48;35175;36355
53;Bretagne;29;Finistère;1;Brest;77;378492;386809
53;Bretagne;29;Finistère;2;Châteaulin;57;81058;84099
53;Bretagne;29;Finistère;3;Morlaix;59;129460;133342
53;Bretagne;29;Finistère;4;Quimper;84;326080;336029
94;Corse;2A;Corse-du-Sud;1;Ajaccio;81;117950;119651
94;Corse;2A;Corse-du-Sud;4;Sartène;43;40557;41307
94;Corse;2B;Haute-Corse;2;Bastia;27;91790;93253
94;Corse;2B;Haute-Corse;3;Corte;158;59417;60180
94;Corse;2B;Haute-Corse;5;Calvi;51;30726;31247
76;Occitanie;30;Gard;1;Alès;96;150479;153311
76;Occitanie;30;Gard;2;Nîmes;181;558707;568616
76;Occitanie;30;Gard;3;Le Vigan;74;39251;40132
76;Occitanie;31;Haute-Garonne;1;Muret;126;227164;231382
76;Occitanie;31;Haute-Garonne;2;Saint-Gaudens;235;77654;80048
76;Occitanie;31;Haute-Garonne;3;Toulouse;225;1095221;1111860
76;Occitanie;32;Gers;1;Auch;134;82674;85416
76;Occitanie;32;Gers;2;Condom;162;66962;69111
76;Occitanie;32;Gers;3;Mirande;165;41741;43574
75;Nouvelle-Aquitaine;33;Gironde;1;Blaye;62;92878;94324
75;Nouvelle-Aquitaine;33;Gironde;2;Bordeaux;82;991393;1004936
75;Nouvelle-Aquitaine;33;Gironde;3;Langon;196;133850;136470
75;Nouvelle-Aquitaine;33;Gironde;4;Lesparre-Médoc;49;92053;93404
75;Nouvelle-Aquitaine;33;Gironde;5;Libourne;129;154923;157735
75;Nouvelle-Aquitaine;33;Gironde;6;Arcachon;17;158652;161438
76;Occitanie;34;Hérault;1;Béziers;153;317835;323764
76;Occitanie;34;Hérault;2;Lodève;122;144166;147268
76;Occitanie;34;Hérault;3;Montpellier;67;713622;722758
53;Bretagne;35;Ille-et-Vilaine;1;Fougères-Vitré;106;186228;190751
53;Bretagne;35;Ille-et-Vilaine;2;Redon;50;103731;106503
53;Bretagne;35;Ille-et-Vilaine;3;Rennes;109;620074;632990
53;Bretagne;35;Ille-et-Vilaine;4;Saint-Malo;68;169465;174153
24;Centre-Val de Loire;36;Indre;1;Le Blanc;57;30846;31588
24;Centre-Val de Loire;36;Indre;2;Châteauroux;84;127138;130809
24;Centre-Val de Loire;36;Indre;3;La Châtre;51;27895;28477
24;Centre-Val de Loire;36;Indre;4;Issoudun;49;33437;34139
24;Centre-Val de Loire;37;Indre-et-Loire;1;Chinon;106;103524;105517
24;Centre-Val de Loire;37;Indre-et-Loire;2;Tours;54;389629;397029
24;Centre-Val de Loire;37;Indre-et-Loire;3;Loches;112;116926;119772
84;Auvergne-Rhône-Alpes;38;Isère;1;Grenoble;263;743754;758313
84;Auvergne-Rhône-Alpes;38;Isère;2;La Tour-du-Pin;136;310741;317128
84;Auvergne-Rhône-Alpes;38;Isère;3;Vienne;113;216671;220675
27;Bourgogne-Franche-Comté;39;Jura;1;Dole;190;106252;109797
27;Bourgogne-Franche-Comté;39;Jura;2;Lons-le-Saunier;249;104273;108246
27;Bourgogne-Franche-Comté;39;Jura;3;Saint-Claude;55;48674;50285
75;Nouvelle-Aquitaine;40;Landes;1;Dax;152;231593;238099
75;Nouvelle-Aquitaine;40;Landes;2;Mont-de-Marsan;175;182097;187869
24;Centre-Val de Loire;41;Loir-et-Cher;1;Blois;93;150685;154702
24;Centre-Val de Loire;41;Loir-et-Cher;2;Vendôme;100;68072;70249
24;Centre-Val de Loire;41;Loir-et-Cher;3;Romorantin-Lanthenay;74;110713;113024
84;Auvergne-Rhône-Alpes;42;Loire;1;Montbrison;135;184334;188823
84;Auvergne-Rhône-Alpes;42;Loire;2;Roanne;113;156581;160804
84;Auvergne-Rhône-Alpes;42;Loire;3;Saint-Étienne;75;424719;430389
84;Auvergne-Rhône-Alpes;43;Haute-Loire;1;Brioude;111;45057;46626
84;Auvergne-Rhône-Alpes;43;Haute-Loire;2;Le Puy-en-Velay;102;96973;100064
84;Auvergne-Rhône-Alpes;43;Haute-Loire;3;Yssingeaux;44;85540;87711
52;Pays de la Loire;44;Loire-Atlantique;2;Nantes;76;864158;880551
52;Pays de la Loire;44;Loire-Atlantique;3;Saint-Nazaire;55;337148;344543
52;Pays de la Loire;44;Loire-Atlantique;5;Châteaubriant-Ancenis;76;227966;233165
24;Centre-Val de Loire;45;Loiret;1;Montargis;125;169227;173484
24;Centre-Val de Loire;45;Loiret;2;Orléans;121;447973;456986
24;Centre-Val de Loire;45;Loiret;3;Pithiviers;79;63234;64614
76;Occitanie;46;Lot;1;Cahors;98;73069;75331
76;Occitanie;46;Lot;2;Figeac;118;54592;56580
76;Occitanie;46;Lot;3;Gourdon;97;46433;47818
75;Nouvelle-Aquitaine;47;Lot-et-Garonne;1;Agen;71;119981;122837
75;Nouvelle-Aquitaine;47;Lot-et-Garonne;2;Marmande;98;83676;85834
75;Nouvelle-Aquitaine;47;Lot-et-Garonne;3;Villeneuve-sur-Lot;92;89093;91266
75;Nouvelle-Aquitaine;47;Lot-et-Garonne;4;Nérac;58;38521;39683
76;Occitanie;48;Lozère;1;Florac;38;13050;13597
76;Occitanie;48;Lozère;2;Mende;114;63554;66707
52;Pays de la Loire;49;Maine-et-Loire;1;Angers;66;389484;398006
52;Pays de la Loire;49;Maine-et-Loire;2;Cholet;32;223828;229872
52;Pays de la Loire;49;Maine-et-Loire;3;Saumur;52;134173;137618
52;Pays de la Loire;49;Maine-et-Loire;4;Segré;27;70788;72761
28;Normandie;50;Manche;1;Avranches;134;134218;139000
28;Normandie;50;Manche;2;Cherbourg;144;187447;192564
28;Normandie;50;Manche;3;Coutances;81;70326;72977
28;Normandie;50;Manche;4;Saint-Lô;87;103054;106415
44;Grand Est;51;Marne;1;Châlons-en-Champagne;150;108747;111837
44;Grand Est;51;Marne;2;Épernay;210;117765;120387
44;Grand Est;51;Marne;3;Reims;143;296154;301070
44;Grand Est;51;Marne;4;Vitry-le-François;110;44189;45055
44;Grand Est;52;Haute-Marne;1;Chaumont;158;62626;64839
44;Grand Est;52;Haute-Marne;2;Langres;157;42940;44155
44;Grand Est;52;Haute-Marne;3;Saint-Dizier;111;66946;68463
52;Pays de la Loire;53;Mayenne;1;Château-Gontier;76;73520;75572
52;Pays de la Loire;53;Mayenne;2;Laval;34;114340;118757
52;Pays de la Loire;53;Mayenne;3;Mayenne;130;119202;122286
44;Grand Est;54;Meurthe-et-Moselle;1;Briey;128;167755;170604
44;Grand Est;54;Meurthe-et-Moselle;2;Lunéville;164;77284;78580
44;Grand Est;54;Meurthe-et-Moselle;3;Nancy;188;420120;426507
44;Grand Est;54;Meurthe-et-Moselle;4;Toul;111;68601;69762
44;Grand Est;55;Meuse;1;Bar-le-Duc;110;58349;60106
44;Grand Est;55;Meuse;2;Commercy;135;42538;43626
44;Grand Est;55;Meuse;3;Verdun;254;83196;85803
53;Bretagne;56;Morbihan;1;Lorient;58;317144;325433
53;Bretagne;56;Morbihan;2;Pontivy;93;155599;161014
53;Bretagne;56;Morbihan;3;Vannes;99;286941;294653
44;Grand Est;57;Moselle;3;Forbach-Boulay-Moselle;169;239614;243543
44;Grand Est;57;Moselle;5;Sarrebourg-Château-Salins;230;91535;94111
44;Grand Est;57;Moselle;6;Sarreguemines;83;97488;99676
44;Grand Est;57;Moselle;7;Thionville;104;269974;274045
44;Grand Est;57;Moselle;9;Metz;139;347932;353952
27;Bourgogne-Franche-Comté;58;Nièvre;1;Château-Chinon (Ville);80;27593;28431
27;Bourgogne-Franche-Comté;58;Nièvre;2;Clamecy;84;20450;21251
27;Bourgogne-Franche-Comté;58;Nièvre;3;Nevers;82;113832;116797
27;Bourgogne-Franche-Comté;58;Nièvre;4;Cosne-Cours-sur-Loire;63;42577;43381
32;Hauts-de-France;59;Nord;1;Avesnes-sur-Helpe;151;227711;230827
32;Hauts-de-France;59;Nord;2;Cambrai;116;160208;162651
32;Hauts-de-France;59;Nord;3;Douai;64;245092;248310
32;Hauts-de-France;59;Nord;4;Dunkerque;111;374146;380182
32;Hauts-de-France;59;Nord;5;Lille;124;1249925;1262499
32;Hauts-de-France;59;Nord;6;Valenciennes;82;351264;354227
32;Hauts-de-France;60;Oise;1;Beauvais;245;231249;236127
32;Hauts-de-France;60;Oise;2;Clermont;146;130571;133035
32;Hauts-de-France;60;Oise;3;Compiègne;156;182978;187624
32;Hauts-de-France;60;Oise;4;Senlis;132;284621;290372
28;Normandie;61;Orne;1;Alençon;111;85790;88322
28;Normandie;61;Orne;2;Argentan;123;108443;111643
28;Normandie;61;Orne;3;Mortagne-au-Perche;151;85709;88043
32;Hauts-de-France;62;Pas-de-Calais;1;Arras;357;249279;254324
32;Hauts-de-France;62;Pas-de-Calais;2;Béthune;104;292553;295944
32;Hauts-de-France;62;Pas-de-Calais;3;Boulogne-sur-Mer;74;157642;160235
32;Hauts-de-France;62;Pas-de-Calais;4;Montreuil;164;111299;114173
32;Hauts-de-France;62;Pas-de-Calais;5;Saint-Omer;89;129295;132460
32;Hauts-de-France;62;Pas-de-Calais;6;Calais;52;156977;158944
32;Hauts-de-France;62;Pas-de-Calais;7;Lens;50;368233;371220
84;Auvergne-Rhône-Alpes;63;Puy-de-Dôme;1;Ambert;58;27571;28358
84;Auvergne-Rhône-Alpes;63;Puy-de-Dôme;2;Clermont-Ferrand;73;362755;370031
84;Auvergne-Rhône-Alpes;63;Puy-de-Dôme;3;Issoire;134;79068;81084
84;Auvergne-Rhône-Alpes;63;Puy-de-Dôme;4;Riom;155;136440;139715
84;Auvergne-Rhône-Alpes;63;Puy-de-Dôme;5;Thiers;44;56318;57557
75;Nouvelle-Aquitaine;64;Pyrénées-Atlantiques;1;Bayonne;122;302545;310299
75;Nouvelle-Aquitaine;64;Pyrénées-Atlantiques;2;Oloron-Sainte-Marie;155;71807;74384
75;Nouvelle-Aquitaine;64;Pyrénées-Atlantiques;3;Pau;269;308269;316735
76;Occitanie;65;Hautes-Pyrénées;1;Argelès-Gazost;87;37527;38537
76;Occitanie;65;Hautes-Pyrénées;2;Bagnères-de-Bigorre;170;48384;49728
76;Occitanie;65;Hautes-Pyrénées;3;Tarbes;212;143656;147444
76;Occitanie;66;Pyrénées-Orientales;1;Céret;64;131878;134138
76;Occitanie;66;Pyrénées-Orientales;2;Perpignan;39;288033;292058
76;Occitanie;66;Pyrénées-Orientales;3;Prades;123;60068;61657
44;Grand Est;67;Bas-Rhin;2;Haguenau-Wissembourg;141;243008;246709
44;Grand Est;67;Bas-Rhin;3;Molsheim;77;103948;105639
44;Grand Est;67;Bas-Rhin;4;Saverne;162;129543;131795
44;Grand Est;67;Bas-Rhin;5;Sélestat-Erstein;101;158286;161363
44;Grand Est;67;Bas-Rhin;8;Strasbourg;33;505272;510718
44;Grand Est;68;Haut-Rhin;1;Altkirch;108;69914;71463
44;Grand Est;68;Haut-Rhin;2;Colmar-Ribeauvillé;98;211650;216073
44;Grand Est;68;Haut-Rhin;4;Mulhouse;79;355829;361386
44;Grand Est;68;Haut-Rhin;6;Thann-Guebwiller;81;129693;132467
84;Auvergne-Rhône-Alpes;69;Rhône;1;Lyon;135;1622129;1642841
84;Auvergne-Rhône-Alpes;69;Rhône;2;Villefranche-sur-Saône;132;253618;259406
27;Bourgogne-Franche-Comté;70;Haute-Saône;1;Lure;193;107891;110517
27;Bourgogne-Franche-Comté;70;Haute-Saône;2;Vesoul;346;127422;131021
27;Bourgogne-Franche-Comté;71;Saône-et-Loire;1;Autun;89;127616;130942
27;Bourgogne-Franche-Comté;71;Saône-et-Loire;2;Chalon-sur-Saône;142;156457;161287
27;Bourgogne-Franche-Comté;71;Saône-et-Loire;3;Charolles;126;86084;88897
27;Bourgogne-Franche-Comté;71;Saône-et-Loire;4;Louhans;88;67085;68449
27;Bourgogne-Franche-Comté;71;Saône-et-Loire;5;Mâcon;120;114251;117731
52;Pays de la Loire;72;Sarthe;1;La Flèche;118;149880;153957
52;Pays de la Loire;72;Sarthe;2;Mamers;191;150947;154570
52;Pays de la Loire;72;Sarthe;3;Le Mans;45;265585;271079
84;Auvergne-Rhône-Alpes;73;Savoie;1;Albertville;69;111978;115782
84;Auvergne-Rhône-Alpes;73;Savoie;2;Chambéry;151;281576;289080
84;Auvergne-Rhône-Alpes;73;Savoie;3;Saint-Jean-de-Maurienne;53;42880;44265
84;Auvergne-Rhône-Alpes;74;Haute-Savoie;1;Annecy;79;291261;299683
84;Auvergne-Rhône-Alpes;74;Haute-Savoie;2;Bonneville;60;189736;195128
84;Auvergne-Rhône-Alpes;74;Haute-Savoie;3;Saint-Julien-en-Genevois;72;193523;197252
84;Auvergne-Rhône-Alpes;74;Haute-Savoie;4;Thonon-les-Bains;68;151574;155564
11;Île-de-France;75;Paris;1;Paris;1;2165423;2182174
28;Normandie;76;Seine-Maritime;1;Dieppe;343;233699;239182
28;Normandie;76;Seine-Maritime;2;Le Havre;149;385591;391201
28;Normandie;76;Seine-Maritime;3;Rouen;216;636343;646149
11;Île-de-France;77;Seine-et-Marne;1;Meaux;139;337296;340842
11;Île-de-France;77;Seine-et-Marne;2;Melun;59;283360;286003
11;Île-de-France;77;Seine-et-Marne;3;Provins;174;184763;187734
11;Île-de-France;77;Seine-et-Marne;4;Fontainebleau;85;155817;159222
11;Île-de-France;77;Seine-et-Marne;5;Torcy;50;459961;463928
11;Île-de-France;78;Yvelines;1;Mantes-la-Jolie;109;276911;279668
11;Île-de-France;78;Yvelines;2;Rambouillet;83;228785;233499
11;Île-de-France;78;Yvelines;3;Saint-Germain-en-Laye;44;524951;535086
11;Île-de-France;78;Yvelines;4;Versailles;23;417560;424968
75;Nouvelle-Aquitaine;79;Deux-Sèvres;1;Bressuire;57;109508;112609
75;Nouvelle-Aquitaine;79;Deux-Sèvres;2;Niort;121;199847;205324
75;Nouvelle-Aquitaine;79;Deux-Sèvres;3;Parthenay;78;65523;67217
32;Hauts-de-France;80;Somme;1;Abbeville;164;123892;126252
32;Hauts-de-France;80;Somme;2;Amiens;291;305667;310966
32;Hauts-de-France;80;Somme;3;Montdidier;109;47393;48158
32;Hauts-de-France;80;Somme;4;Péronne;208;93607;95159
76;Occitanie;81;Tarn;1;Albi;163;193307;198172
76;Occitanie;81;Tarn;2;Castres;151;196537;202171
76;Occitanie;82;Tarn-et-Garonne;1;Castelsarrasin;103;78399;80245
76;Occitanie;82;Tarn-et-Garonne;2;Montauban;92;182270;186236
93;Provence-Alpes-Côte d'Azur;83;Var;1;Draguignan;54;310401;316183
93;Provence-Alpes-Côte d'Azur;83;Var;2;Toulon;32;581459;589546
93;Provence-Alpes-Côte d'Azur;83;Var;3;Brignoles;67;184851;188093
93;Provence-Alpes-Côte d'Azur;84;Vaucluse;1;Apt;57;128651;131140
93;Provence-Alpes-Côte d'Azur;84;Vaucluse;2;Avignon;17;215386;219287
93;Provence-Alpes-Côte d'Azur;84;Vaucluse;3;Carpentras;77;217432;222186
52;Pays de la Loire;85;Vendée;1;Fontenay-le-Comte;110;141351;145518
52;Pays de la Loire;85;Vendée;2;La Roche-sur-Yon;77;300974;310194
52;Pays de la Loire;85;Vendée;3;Les Sables-d'Olonne;71;243117;248691
75;Nouvelle-Aquitaine;86;Vienne;1;Châtellerault;92;108047;110686
75;Nouvelle-Aquitaine;86;Vienne;2;Montmorillon;91;66518;68429
75;Nouvelle-Aquitaine;86;Vienne;3;Poitiers;83;263870;269634
75;Nouvelle-Aquitaine;87;Haute-Vienne;1;Bellac;57;38258;39104
75;Nouvelle-Aquitaine;87;Haute-Vienne;2;Limoges;108;296438;301851
75;Nouvelle-Aquitaine;87;Haute-Vienne;3;Rochechouart;30;37663;38294
44;Grand Est;88;Vosges;1;Épinal;236;202252;208624
44;Grand Est;88;Vosges;2;Neufchâteau;175;52621;54457
44;Grand Est;88;Vosges;3;Saint-Dié-des-Vosges;96;109626;112774
27;Bourgogne-Franche-Comté;89;Yonne;1;Auxerre;170;163440;167628
27;Bourgogne-Franche-Comté;89;Yonne;2;Avallon;135;41298;42477
27;Bourgogne-Franche-Comté;89;Yonne;3;Sens;118;130969;133917
27;Bourgogne-Franche-Comté;90;Territoire de Belfort;1;Belfort;101;141318;144447
11;Île-de-France;91;Essonne;1;Étampes;75;131004;133108
11;Île-de-France;91;Essonne;2;Évry;51;539918;544821
11;Île-de-France;91;Essonne;3;Palaiseau;68;630737;638082
11;Île-de-France;92;Hauts-de-Seine;1;Antony;11;403229;406840
11;Île-de-France;92;Hauts-de-Seine;2;Nanterre;17;900667;909443
11;Île-de-France;92;Hauts-de-Seine;3;Boulogne-Billancourt;8;320461;324438
11;Île-de-France;93;Seine-Saint-Denis;1;Bobigny;9;431444;433037
11;Île-de-France;93;Seine-Saint-Denis;2;Le Raincy;22;770290;773768
11;Île-de-France;93;Seine-Saint-Denis;3;Saint-Denis;9;443169;444934
11;Île-de-France;94;Val-de-Marne;1;Créteil;16;321066;322961
11;Île-de-France;94;Val-de-Marne;2;Nogent-sur-Marne;13;510395;514335
11;Île-de-France;94;Val-de-Marne;3;L'Haÿ-les-Roses;18;575663;578549
11;Île-de-France;95;Val-d'Oise;1;Argenteuil;17;424737;427759
11;Île-de-France;95;Val-d'Oise;2;Sarcelles;62;477991;481488
11;Île-de-France;95;Val-d'Oise;3;Pontoise;105;346946;350738
01;Guadeloupe;971;Guadeloupe;1;Basse-Terre;18;184765;188136
01;Guadeloupe;971;Guadeloupe;2;Pointe-à-Pitre;14;199474;201859
02;Martinique;972;Martinique;1;Fort-de-France;4;152102;154057
02;Martinique;972;Martinique;2;La Trinité;10;75238;76043
02;Martinique;972;Martinique;3;Le Marin;12;114824;116552
02;Martinique;972;Martinique;4;Saint-Pierre;8;22344;22754
03;Guyane;973;Guyane;1;Cayenne;14;184921;186635
03;Guyane;973;Guyane;2;Saint-Laurent-du-Maroni;8;96757;97450
04;La Réunion;974;La Réunion;1;Saint-Denis;3;211936;214105
04;La Réunion;974;La Réunion;2;Saint-Pierre;10;311401;315134
04;La Réunion;974;La Réunion;3;Saint-Benoît;6;127102;128267
04;La Réunion;974;La Réunion;4;Saint-Paul;5;210771;213364
